x	$\phi$	X Velocity
0.125	-1.33560651269365e-11	0
0.375	-1.34127987210776e-11	0
0.625	-1.35264936268904e-11	0
0.875	-1.3697606133044e-11	0
1.125	-1.39268228094994e-11	0
1.375	-1.42150630800939e-11	0
1.625	-1.45634826664035e-11	0
1.875	-1.49734779147268e-11	0
2.125	-1.54466910210594e-11	0
2.375	-1.59850161720016e-11	0
2.625	-1.65906066226738e-11	0
2.875	-1.72658827359044e-11	0
3.125	-1.80135410102256e-11	0
3.375	-1.88365641275636e-11	0
3.625	-1.97382320549543e-11	0
3.875	-2.07221342381709e-11	0
4.125	-2.17921829288099e-11	0
4.375	-2.29526276901813e-11	0
4.625	-2.4208071131272e-11	0
4.875	-2.55634859221356e-11	0
5.125	-2.70242331482982e-11	0
5.375	-2.85960820661844e-11	0
5.625	-3.0285231326168e-11	0
5.875	-3.2098331734648e-11	0
6.125	-3.40425106315675e-11	0
6.375	-3.61253979650281e-11	0
6.625	-3.8355154150139e-11	0
6.875	-4.07404998049785e-11	0
7.125	-4.32907474625619e-11	0
7.375	-4.60158353640147e-11	0
7.625	-4.89263634447664e-11	0
7.875	-5.20336316325201e-11	0
8.125	-5.53496805830429e-11	0
8.375	-5.88873349874744e-11	0
8.625	-6.26602495928914e-11	0
8.875	-6.66829580863174e-11	0
9.125	-7.09709250012446e-11	0
9.375	-7.55406008150723e-11	0
9.625	-8.04094804156817e-11	0
9.875	-8.55961651256861e-11	0
10.125	-9.11204284837528e-11	0
10.375	-9.70032859938073e-11	0
10.625	-1.03267069064934e-10	0
10.875	-1.09935503377422e-10	0
11.125	-1.17033791923683e-10	0
11.375	-1.24588702986733e-10	0
11.625	-1.32628663333651e-10	0
11.875	-1.41183856916837e-10	0
12.125	-1.50286329392191e-10	0
12.375	-1.59970098780414e-10	0
12.625	-1.70271272615589e-10	0
12.875	-1.81228171944137e-10	0
13.125	-1.928814625571e-10	0
13.375	-2.05274293859592e-10	0
13.625	-2.18452445803254e-10	0
13.875	-2.32464484330613e-10	0
14.125	-2.47361925804535e-10	0
14.375	-2.63199410921456e-10	0
14.625	-2.80034888633897e-10	0
14.875	-2.97929810635912e-10	0
15.125	-3.16949336994714e-10	0
15.375	-3.37162553542812e-10	0
15.625	-3.58642701677618e-10	0
15.875	-3.81467421249783e-10	0
16.125	-4.05719007257496e-10	0
16.375	-4.31484681101793e-10	0
16.625	-4.58856877197578e-10	0
16.875	-4.87933545776705e-10	0
17.125	-5.1881847276316e-10	0
17.375	-5.51621617646251e-10	0
17.625	-5.86459470325779e-10	0
17.875	-6.23455427953665e-10	0
18.125	-6.62740192849401e-10	0
18.375	-7.04452192622191e-10	0
18.625	-7.48738023690844e-10	0
18.875	-7.95752919453462e-10	0
19.125	-8.45661244422913e-10	0
19.375	-8.98637015711072e-10	0
19.625	-9.54864453314995e-10	0
19.875	-1.01453856073179e-09	0
20.125	-1.0778657375059e-09	0
20.375	-1.14506442539329e-09	0
20.625	-1.21636578991136e-09	0
20.875	-1.29201443913207e-09	0
21.125	-1.372269181668e-09	0
21.375	-1.45740382589835e-09	0
21.625	-1.54770802258281e-09	0
21.875	-1.64348815311766e-09	0
22.125	-1.74506826579919e-09	0
22.375	-1.85279106257542e-09	0
22.625	-1.96701893888868e-09	0
22.875	-2.08813507933808e-09	0
23.125	-2.21654461202372e-09	0
23.375	-2.35267582457254e-09	0
23.625	-2.49698144499095e-09	0
23.875	-2.64993999063991e-09	0
24.125	-2.81205718878647e-09	0
24.375	-2.98386747235013e-09	0
24.625	-3.16593555463478e-09	0
24.875	-3.35885808701624e-09	0
25.125	-3.56326540374309e-09	0
25.375	-3.77982335820356e-09	0
25.625	-4.00923525521561e-09	0
25.875	-4.25224388410949e-09	0
26.125	-4.50963365759423e-09	0
26.375	-4.78223286163015e-09	0
26.625	-5.07091602177064e-09	0
26.875	-5.37660639168725e-09	0
27.125	-5.70027856985353e-09	0
27.375	-6.04296125063526e-09	0
27.625	-6.40574011631814e-09	0
27.875	-6.78976087689912e-09	0
28.125	-7.19623246477454e-09	0
28.375	-7.62643039177766e-09	0
28.625	-8.08170027635063e-09	0
28.875	-8.56346154898137e-09	0
29.125	-9.07321134439524e-09	0
29.375	-9.61252858936473e-09	0
29.625	-1.01830782953886e-08	0
29.875	-1.07866160658951e-08	0
30.125	-1.14249928280419e-08	0
30.375	-1.2100159799622e-08	0
30.625	-1.28141737020333e-08	0
30.875	-1.35692022307406e-08	0
31.125	-1.43675297951432e-08	0
31.375	-1.52115635402655e-08	0
31.625	-1.61038396632099e-08	0
31.875	-1.70470300378544e-08	0
32.125	-1.80439491618371e-08	0
32.375	-1.90975614404511e-08	0
32.625	-2.02109888226767e-08	0
32.875	-2.13875188051997e-08	0
33.125	-2.26306128209104e-08	0
33.375	-2.39439150290443e-08	0
33.625	-2.53312615248184e-08	0
33.875	-2.67966899871259e-08	0
34.125	-2.83444497835958e-08	0
34.375	-2.99790125530792e-08	0
34.625	-3.17050832864182e-08	0
34.875	-3.35276119271595e-08	0
35.125	-3.54518055147182e-08	0
35.375	-3.74831408933599e-08	0
35.625	-3.9627378011263e-08	0
35.875	-4.18905738348412e-08	0
36.125	-4.42790969044565e-08	0
36.375	-4.67996425586267e-08	0
36.625	-4.94592488548389e-08	0
36.875	-5.22653132161132e-08	0
37.125	-5.52256098335264e-08	0
37.375	-5.83483078559982e-08	0
37.625	-6.16419903997695e-08	0
37.875	-6.51156744111544e-08	0
38.125	-6.87788314173364e-08	0
38.375	-7.26414092011954e-08	0
38.625	-7.67138544374013e-08	0
38.875	-8.10071363282889e-08	0
39.125	-8.55327712793431e-08	0
39.375	-9.03028486554632e-08	0
39.625	-9.53300576605522e-08	0
39.875	-1.00627715384383e-07	0
40.125	-1.0620979606213e-07	0
40.375	-1.12090961593421e-07	0
40.625	-1.18286593369273e-07	0
40.875	-1.24812825456788e-07	0
41.125	-1.31686579193063e-07	0
41.375	-1.38925599241345e-07	0
41.625	-1.4654849116408e-07	0
41.875	-1.54574760569157e-07	0
42.125	-1.63024853887313e-07	0
42.375	-1.71920200840372e-07	0
42.625	-1.81283258661694e-07	0
42.875	-1.91137558131991e-07	0
43.125	-2.01507751495395e-07	0
43.375	-2.1241966232249e-07	0
43.625	-2.23900337388797e-07	0
43.875	-2.35978100639057e-07	0
44.125	-2.48682609309465e-07	0
44.375	-2.62044912281893e-07	0
44.625	-2.76097510745986e-07	0
44.875	-2.90874421246883e-07	0
45.125	-3.06411241198225e-07	0
45.375	-3.22745216941937e-07	0
45.625	-3.39915314438213e-07	0
45.875	-3.57962292670961e-07	0
46.125	-3.7692877985585e-07	0
46.375	-3.96859352539965e-07	0
46.625	-4.17800617683895e-07	0
46.875	-4.39801297818918e-07	0
47.125	-4.62912319373734e-07	0
47.375	-4.87186904266955e-07	0
47.625	-5.12680664863301e-07	0
47.875	-5.39451702393141e-07	0
48.125	-5.67560708936644e-07	0
48.375	-5.97071073075417e-07	0
48.625	-6.28048989316018e-07	0
48.875	-6.60563571391209e-07	0
49.125	-6.94686969546206e-07	0
49.375	-7.3049449191848e-07	0
49.625	-7.68064730120896e-07	0
49.875	-8.07479689139109e-07	0
50.125	-8.48824921655132e-07	0
50.375	-8.92189666909913e-07	0
50.625	-9.3766699421855e-07	0
50.875	-9.85353951252378e-07	0
51.125	-1.03535171720272e-06	0
51.375	-1.08776576094137e-06	0
51.625	-1.14270600429317e-06	0
51.875	-1.20028699053588e-06	0
52.125	-1.26062805824252e-06	0
52.375	-1.3238535205809e-06	0
52.625	-1.39009285018441e-06	0
52.875	-1.4594808697074e-06	0
53.125	-1.53215794817733e-06	0
53.375	-1.60827020325459e-06	0
53.625	-1.68796970950925e-06	0
53.875	-1.77141471282222e-06	0
54.125	-1.85876985101585e-06	0
54.375	-1.95020638081689e-06	0
54.625	-2.04590241125148e-06	0
54.875	-2.14604314356901e-06	0
55.125	-2.25082111778783e-06	0
55.375	-2.36043646595208e-06	0
55.625	-2.47509717218445e-06	0
55.875	-2.59501933961494e-06	0
56.125	-2.72042746426038e-06	0
56.375	-2.85155471592413e-06	0
56.625	-2.98864322617881e-06	0
56.875	-3.13194438348848e-06	0
57.125	-3.28171913551971e-06	0
57.375	-3.43823829868285e-06	0
57.625	-3.60178287493698e-06	0
57.875	-3.77264437588287e-06	0
58.125	-3.95112515415912e-06	0
58.375	-4.13753874214635e-06	0
58.625	-4.33221019797379e-06	0
58.875	-4.53547645881114e-06	0
59.125	-4.74768670141671e-06	0
59.375	-4.9692027098999e-06	0
59.625	-5.20039925064274e-06	0
59.875	-5.44166445431114e-06	0
60.125	-5.6934002048711e-06	0
60.375	-5.95602253551002e-06	0
60.625	-6.22996203134611e-06	0
60.875	-6.51566423879187e-06	0
61.125	-6.81359008141943e-06	0
61.375	-7.12421628215627e-06	0
61.625	-7.44803579162001e-06	0
61.875	-7.78555822238029e-06	0
62.125	-8.13731028891394e-06	0
62.375	-8.50383625299683e-06	0
62.625	-8.88569837425269e-06	0
62.875	-9.2834773655542e-06	0
63.125	-9.69777285294661e-06	0
63.375	-1.01292038397376e-05	0
63.625	-1.05784091743694e-05	0
63.875	-1.10460480216619e-05	0
64.125	-1.15328003369851e-05	0
64.375	-1.20393673428887e-05	0
64.625	-1.25664720076875e-05	0
64.875	-1.31148595254668e-05	0
65.125	-1.36852977969398e-05	0
65.375	-1.42785779105542e-05	0
65.625	-1.48955146232128e-05	0
65.875	-1.55369468399319e-05	0
66.125	-1.62037380917296e-05	0
66.375	-1.68967770109956e-05	0
66.625	-1.7616977803555e-05	0
66.875	-1.83652807166007e-05	0
67.125	-1.91426525016292e-05	0
67.375	-1.9950086871469e-05	0
67.625	-2.07886049504565e-05	0
67.875	-2.16592557167645e-05	0
68.125	-2.25631164358492e-05	0
68.375	-2.35012930839381e-05	0
68.625	-2.44749207604333e-05	0
68.875	-2.54851640880658e-05	0
69.125	-2.65332175995839e-05	0
69.375	-2.76203061097203e-05	0
69.625	-2.87476850711312e-05	0
69.875	-2.99166409129594e-05	0
70.125	-3.11284913606213e-05	0
70.375	-3.23845857353788e-05	0
70.625	-3.36863052322048e-05	0
70.875	-3.5035063174409e-05	0
71.125	-3.6432305243442e-05	0
71.375	-3.7879509682255e-05	0
71.625	-3.93781874705424e-05	0
71.875	-4.09298824701547e-05	0
72.125	-4.25361715389239e-05	0
72.375	-4.41986646111017e-05	0
72.625	-4.59190047425709e-05	0
72.875	-4.76988681189468e-05	0
73.125	-4.95399640246519e-05	0
73.375	-5.14440347710058e-05	0
73.625	-5.3412855581339e-05	0
73.875	-5.54482344311047e-05	0
74.125	-5.75520118409329e-05	0
74.375	-5.972606062054e-05	0
74.625	-6.1972285561381e-05	0
74.875	-6.42926230759088e-05	0
75.125	-6.66890407812811e-05	0
75.375	-6.91635370253388e-05	0
75.625	-7.17181403526661e-05	0
75.875	-7.43549089085266e-05	0
76.125	-7.70759297784678e-05	0
76.375	-7.98833182613766e-05	0
76.625	-8.27792170737731e-05	0
76.875	-8.5765795483132e-05	0
77.125	-8.88452483680304e-05	0
77.375	-9.20197952029356e-05	0
77.625	-9.5291678965464e-05	0
77.875	-9.86631649639674e-05	0
78.125	-0.000102136539583333	0
78.375	-0.000105714108946915	0
78.625	-0.000109398197492569	0
78.875	-0.000113191146460783	0
79.125	-0.000117095312292989	0
79.375	-0.000121113064938157	0
79.625	-0.000125246786065889	0
79.875	-0.00012949886718425	0
80.125	-0.000133871707660705	0
80.375	-0.000138367712644591	0
80.625	-0.000142989290889656	0
80.875	-0.000147738852475294	0
81.125	-0.000152618806425246	0
81.375	-0.000157631558222613	0
81.625	-0.000162779507220191	0
81.875	-0.00016806504394526	0
82.125	-0.000173490547298107	0
82.375	-0.000179058381643709	0
82.625	-0.000184770893796184	0
82.875	-0.000190630409895756	0
83.125	-0.000196639232178203	0
83.375	-0.000202799635636897	0
83.625	-0.000209113864577784	0
83.875	-0.000215584129067826	0
84.125	-0.000222212601277659	0
84.375	-0.000229001411719438	0
84.625	-0.000235952645381069	0
84.875	-0.000243068337758262	0
85.125	-0.000250350470786097	0
85.375	-0.000257800968672047	0
85.625	-0.000265421693632649	0
85.875	-0.000273214441536304	0
86.125	-0.000281180937454948	0
86.375	-0.000289322831127626	0
86.625	-0.000297641692339299	0
86.875	-0.000306139006218469	0
87.125	-0.00031481616845758	0
87.375	-0.000323674480460376	0
87.625	-0.000332715144420771	0
87.875	-0.000341939258338061	0
88.125	-0.000351347810973655	0
88.375	-0.000360941676754783	0
88.625	-0.000370721610631011	0
88.875	-0.000380688242889666	0
89.125	-0.000390842073936639	0
89.375	-0.000401183469049328	0
89.625	-0.000411712653108831	0
89.875	-0.000422429705318801	0
90.125	-0.000433334553918694	0
90.375	-0.000444426970899489	0
90.625	-0.00045570656673022	0
90.875	-0.000467172785104003	0
91.125	-0.000478824897712533	0
91.375	-0.000490661999058314	0
91.625	-0.000502683001314171	0
91.875	-0.000514886629239873	0
92.125	-0.00052727141516596	0
92.375	-0.000539835694055113	0
92.625	-0.000552577598651676	0
92.875	-0.000565495054730124	0
93.125	-0.000578585776453537	0
93.375	-0.000591847261853292	0
93.625	-0.000605276788441404	0
93.875	-0.0006188714089671	0
94.125	-0.00063262794732935	0
94.375	-0.000646542994657214	0
94.625	-0.000660612905569985	0
94.875	-0.000674833794629169	0
95.125	-0.000689201532994415	0
95.375	-0.000703711745295575	0
95.625	-0.000718359806733036	0
95.875	-0.000733140840418527	0
96.125	-0.000748049714968492	0
96.375	-0.000763081042362127	0
96.625	-0.000778229176076056	0
96.875	-0.000793488209507493	0
97.125	-0.000808851974697627	0
97.375	-0.000824314041366771	0
97.625	-0.000839867716272591	0
97.875	-0.000855506042902554	0
98.125	-0.000871221801511393	0
98.375	-0.000887007509514161	0
98.625	-0.000902855422245064	0
98.875	-0.00091875753409194	0
99.125	-0.000934705580015831	0
99.375	-0.000950691037464697	0
99.625	-0.000966705128689841	0
99.875	-0.000982738823473159	0
100.125	-0.000998782842272766	0
100.375	-0.00101482765979405	0
100.625	-0.00103086350899257	0
100.875	-0.00104688038551469	0
101.125	-0.00106286805258101	0
101.375	-0.00107881604631727	0
101.625	-0.00109471368153634	0
101.875	-0.00111055005797461	0
102.125	-0.00112631406698472	0
102.375	-0.00114199439868644	0
102.625	-0.0011575795495762	0
102.875	-0.00117305783059492	0
103.125	-0.00118841737565323	0
103.375	-0.00120364615061174	0
103.625	-0.00121873196271329	0
103.875	-0.001233662470463	0
104.125	-0.00124842519395081	0
104.375	-0.00126300752560972	0
104.625	-0.00127739674140218	0
104.875	-0.00129158001242503	0
105.125	-0.00130554441692213	0
105.375	-0.00131927695269211	0
105.625	-0.00133276454987626	0
105.875	-0.00134599408410981	0
106.125	-0.00135895239001652	0
106.375	-0.0013716262750237	0
106.625	-0.00138400253347093	0
106.875	-0.00139606796098058	0
107.125	-0.00140780936905318	0
107.375	-0.00141921359984296	0
107.625	-0.00143026754106043	0
107.875	-0.00144095814093763	0
108.125	-0.0014512724231776	0
108.375	-0.00146119750179219	0
108.625	-0.00147072059570954	0
108.875	-0.00147982904300428	0
109.125	-0.00148851031456678	0
109.375	-0.00149675202698127	0
109.625	-0.00150454195432324	0
109.875	-0.00151186803850958	0
110.125	-0.001518718397738	0
110.375	-0.00152508133242577	0
110.625	-0.00153094532789787	0
110.875	-0.0015362990528672	0
111.125	-0.00154113135248512	0
111.375	-0.0015454312343997	0
111.625	-0.00154918784582223	0
111.875	-0.00155239043904124	0
112.125	-0.00155502832210245	0
112.375	-0.00155709079044737	0
112.625	-0.00155856703411416	0
112.875	-0.00155944601357733	0
113.125	-0.00155971629534131	0
113.375	-0.00155936583588348	0
113.625	-0.00155838169930637	0
113.875	-0.00155674968990254	0
114.125	-0.00155445387549718	0
114.375	-0.00155147597057739	0
114.625	-0.0015477945394111	0
114.875	-0.00154338396804875	0
115.125	-0.0015382131395766	0
115.375	-0.00153224372833622	0
115.625	-0.00152542800487078	0
115.875	-0.0015177060125962	0
116.125	-0.00150900193769499	0
116.375	-0.00149921944301103	0
116.625	-0.00148823567160377	0
116.875	-0.00147589354201896	0
117.125	-0.00146199185001683	0
117.375	-0.00144627255375743	0
117.625	-0.00142840444268284	0
117.875	-0.00140796216354836	0
118.125	-0.00138439928616037	0
118.375	-0.00135701371837838	0
118.625	-0.00132490330186274	0
118.875	-0.00128690880762943	0
119.125	-0.0012415407665007	0
119.375	-0.0011868855668526	0
119.625	-0.00112048497110733	0
119.875	-0.00103918156838917	0
120.125	-0.000938920600318503	0
120.375	-0.00081449595466493	0
120.625	-0.000659224776659481	0
120.875	-0.000464530931281389	0
121.125	-0.000219412264490914	0
121.375	9.02399642158166e-05	0
121.625	0.000482509203693563	0
121.875	0.000980558847887863	0
122.125	0.00161403585763827	0
122.375	0.00242084758237058	0
122.625	0.0034494015766502	0
122.875	0.00476141356253508	0
123.125	0.00643540221130168	0
123.375	0.00857099698146892	0
123.625	0.0112941796530924	0
123.875	0.0147635495041565	0
124.125	0.0191776274050499	0
124.375	0.0247830670804057	0
124.625	0.0318833823626193	0
124.875	0.0408473759267569	0
125.125	0.0521158114021142	0
125.375	0.0662039661577177	0
125.625	0.0836965565976179	0
125.875	0.10523030425378	0
126.125	0.131458533614501	0
126.375	0.162992465982031	0
126.625	0.200316484255825	0
126.875	0.243680823779981	0
127.125	0.292985256961618	0
127.375	0.347679441868726	0
127.625	0.406714370454538	0
127.875	0.468577149517709	0
128.125	0.531422850591193	0
128.375	0.593285629651045	0
128.625	0.652320558230626	0
128.875	0.707014743129299	0
129.125	0.756319176301154	0
129.375	0.799683515815015	0
129.625	0.837007534078697	0
129.875	0.868541466436798	0
130.125	0.894769695789078	0
130.375	0.916303443437923	0
130.625	0.933796033871644	0
130.875	0.94788418862214	0
131.125	0.959152624093352	0
131.375	0.968116617654179	0
131.625	0.975216932933789	0
131.875	0.980822372607129	0
132.125	0.985236450506487	0
132.375	0.988705820356405	0
132.625	0.991429003027195	0
132.875	0.993564597796778	0
133.125	0.995238586445155	0
133.375	0.996550598430806	0
133.625	0.99757915242497	0
133.875	0.998385964149681	0
134.125	0.999019441159479	0
134.375	0.999517490803776	0
134.625	0.999909760043398	0
134.875	1.00021941227228	0
135.125	1.00046453093926	0
135.375	1.00065922478485	0
135.625	1.00081449596308	0
135.875	1.00093892060897	0
136.125	1.00103918157728	0
136.375	1.00112048498025	0
136.625	1.00118688557625	0
136.875	1.00124154077615	0
137.125	1.00128690881754	0
137.375	1.00132490331204	0
137.625	1.00135701372882	0
137.875	1.00138439929687	0
138.125	1.00140796217452	0
138.375	1.00142840445391	0
138.625	1.00144627256524	0
138.875	1.00146199186176	0
139.125	1.00147589355401	0
139.375	1.00148823568384	0
139.625	1.00149921945549	0
139.875	1.0015090019504	0
140.125	1.00151770602553	0
140.375	1.00152542801802	0
140.625	1.0015322437417	0
140.875	1.00153821315314	0
141.125	1.00154338398181	0
141.375	1.00154779455337	0
141.625	1.00155147598472	0
141.875	1.00155445388981	0
142.125	1.00155674970438	0
142.375	1.00155838171394	0
142.625	1.00155936585066	0
142.875	1.00155971631025	0
143.125	1.00155944602861	0
143.375	1.00155856704927	0
143.625	1.00155709080571	0
143.875	1.00155502833747	0
144.125	1.0015523904545	0
144.375	1.00154918786137	0
144.625	1.00154543125004	0
144.875	1.00154113136821	0
145.125	1.00153629906867	0
145.375	1.00153094534378	0
145.625	1.00152508134838	0
145.875	1.00151871841377	0
146.125	1.00151186805461	0
146.375	1.0015045419705	0
146.625	1.00149675204323	0
146.875	1.00148851033089	0
147.125	1.00147982905941	0
147.375	1.00147072061219	0
147.625	1.00146119751835	0
147.875	1.00145127243982	0
148.125	1.00144095815766	0
148.375	1.00143026755787	0
148.625	1.00141921361673	0
148.875	1.00140780938603	0
149.125	1.00139606797804	0
149.375	1.00138400255061	0
149.625	1.00137162629225	0
149.875	1.00135895240732	0
150.125	1.00134599410149	0
150.375	1.00133276456733	0
150.625	1.00131927697022	0
150.875	1.00130554443452	0
151.125	1.0012915800301	0
151.375	1.00127739675915	0
151.625	1.00126300754342	0
151.875	1.00124842521184	0
152.125	1.00123366248843	0
152.375	1.00121873198075	0
152.625	1.00120364616873	0
152.875	1.00118841739384	0
153.125	1.00117305784885	0
153.375	1.0011575795679	0
153.625	1.00114199441707	0
153.875	1.00112631408542	0
154.125	1.00111055007646	0
154.375	1.00109471370007	0
154.625	1.00107881606489	0
154.875	1.00106286807119	0
155.125	1.00104688040416	0
155.375	1.00103086352768	0
155.625	1.00101482767851	0
155.875	1.00099878286103	0
156.125	1.00098273884227	0
156.375	1.00096670514752	0
156.625	1.00095069105634	0
156.875	1.00093470559894	0
157.125	1.00091875755306	0
157.375	1.00090285544126	0
157.625	1.00088700752858	0
157.875	1.00087122182063	0
158.125	1.00085550606207	0
158.375	1.00083986773549	0
158.625	1.00082431406063	0
158.875	1.00080885199401	0
159.125	1.00079348822887	0
159.375	1.00077822919548	0
159.625	1.00076308106181	0
159.875	1.00074804973446	0
160.125	1.00073314085995	0
160.375	1.0007183598263	0
160.625	1.0007037117649	0
160.875	1.00068920155264	0
161.125	1.0006748338143	0
161.375	1.00066061292528	0
161.625	1.00064654301439	0
161.875	1.00063262796709	0
162.125	1.00061887142874	0
162.375	1.00060527680823	0
162.625	1.00059184728165	0
162.875	1.00057858579625	0
163.125	1.00056549507453	0
163.375	1.00055257761844	0
163.625	1.00053983571384	0
163.875	1.00052727143494	0
164.125	1.00051488664901	0
164.375	1.00050268302107	0
164.625	1.00049066201881	0
164.875	1.00047882491746	0
165.125	1.00046717280484	0
165.375	1.00045570658647	0
165.625	1.00044442699064	0
165.875	1.00043333457366	0
166.125	1.00042242972507	0
166.375	1.00041171267287	0
166.625	1.00040118348883	0
166.875	1.00039084209373	0
167.125	1.0003806882627	0
167.375	1.00037072163045	0
167.625	1.00036094169659	0
167.875	1.00035134783083	0
168.125	1.00034193927821	0
168.375	1.00033271516431	0
168.625	1.00032367450038	0
168.875	1.0003148161884	0
169.125	1.00030613902619	0
169.375	1.00029764171233	0
169.625	1.00028932285114	0
169.875	1.00028118095749	0
170.125	1.00027321446159	0
170.375	1.0002654217137	0
170.625	1.00025780098875	0
170.875	1.00025035049087	0
171.125	1.00024306835785	0
171.375	1.00023595266548	0
171.625	1.00022900143182	0
171.875	1.00022221262138	0
172.125	1.00021558414918	0
172.375	1.00020911388469	0
172.625	1.00020279965575	0
172.875	1.0001966392523	0
173.125	1.00019063043002	0
173.375	1.00018477091392	0
173.625	1.00017905840177	0
173.875	1.00017349056743	0
174.125	1.00016806506408	0
174.375	1.00016277952736	0
174.625	1.00015763157836	0
174.875	1.00015261882657	0
175.125	1.00014773887262	0
175.375	1.00014298931103	0
175.625	1.00013836773278	0
175.875	1.00013387172779	0
176.125	1.0001294988873	0
176.375	1.00012524680617	0
176.625	1.00012111308503	0
176.875	1.00011709533238	0
177.125	1.00011319116653	0
177.375	1.00010939821755	0
177.625	1.00010571412898	0
177.875	1.00010213655959	0
178.125	1.00009866318495	0
178.375	1.00009529169892	0
178.625	1.00009201981513	0
178.875	1.00008884526827	0
179.125	1.00008576581536	0
179.375	1.00008277923693	0
179.625	1.0000798833381	0
179.875	1.0000770759496	0
180.125	1.00007435492873	0
180.375	1.00007171816017	0
180.625	1.00006916355684	0
180.875	1.0000666890606	0
181.125	1.0000642926429	0
181.375	1.00006197230539	0
181.625	1.00005972608046	0
181.875	1.00005755203169	0
182.125	1.00005544825429	0
182.375	1.00005341287544	0
182.625	1.00005144405464	0
182.875	1.0000495399839	0
183.125	1.00004769888801	0
183.375	1.00004591902464	0
183.625	1.00004419868452	0
183.875	1.00004253619146	0
184.125	1.0000409299024	0
184.375	1.00003937820742	0
184.625	1.00003787952964	0
184.875	1.00003643232522	0
185.125	1.00003503508316	0
185.375	1.00003368632523	0
185.625	1.00003238460575	0
185.875	1.00003112851139	0
186.125	1.00002991666095	0
186.375	1.00002874770512	0
186.625	1.00002762032617	0
186.875	1.00002653323767	0
187.125	1.00002548518417	0
187.375	1.00002447494084	0
187.625	1.00002350131317	0
187.875	1.00002256313652	0
188.125	1.0000216592758	0
188.375	1.00002078862503	0
188.625	1.00001995010695	0
188.875	1.00001914267258	0
189.125	1.00001836530079	0
189.375	1.00001761699787	0
189.625	1.00001689679708	0
189.875	1.00001620375816	0
190.125	1.0000155369669	0
190.375	1.00001489553469	0
190.625	1.00001427859798	0
190.875	1.00001368531788	0
191.125	1.00001311487961	0
191.375	1.0000125664921	0
191.625	1.00001203938745	0
191.875	1.00001153282045	0
192.125	1.00001104606815	0
192.375	1.0000105784293	0
192.625	1.00001012922397	0
192.875	1.00000969779299	0
193.125	1.0000092834975	0
193.375	1.0000088857185	0
193.625	1.00000850385637	0
193.875	1.0000081373304	0
194.125	1.00000778557833	0
194.375	1.00000744805589	0
194.625	1.00000712423638	0
194.875	1.00000681361017	0
195.125	1.00000651568432	0
195.375	1.00000622998211	0
195.625	1.00000595604261	0
195.875	1.00000569342029	0
196.125	1.00000544168454	0
196.375	1.00000520041934	0
196.625	1.00000496922281	0
196.875	1.00000474770681	0
197.125	1.00000453549658	0
197.375	1.00000433223032	0
197.625	1.00000413755887	0
197.875	1.00000395114529	0
198.125	1.00000377266451	0
198.375	1.00000360180301	0
198.625	1.00000343825843	0
198.875	1.00000328173926	0
199.125	1.0000031319645	0
199.375	1.00000298866333	0
199.625	1.0000028515748	0
199.875	1.00000272044752	0
200.125	1.00000259503937	0
200.375	1.00000247511718	0
200.625	1.00000236045644	0
200.875	1.00000225084106	0
201.125	1.00000214606306	0
201.375	1.0000020459223	0
201.625	1.00000195022624	0
201.875	1.00000185878968	0
202.125	1.00000177143452	0
202.375	1.00000168798949	0
202.625	1.00000160828996	0
202.875	1.00000153217769	0
203.125	1.0000014595006	0
203.375	1.00000139011257	0
203.625	1.00000132387324	0
203.875	1.00000126064777	0
204.125	1.0000012003067	0
204.375	1.00000114272571	0
204.625	1.00000108778547	0
204.875	1.00000103537143	0
205.125	1.00000098537366	0
205.375	1.00000093768671	0
205.625	1.00000089220938	0
205.875	1.00000084884463	0
206.125	1.0000008074994	0
206.375	1.00000076808444	0
206.625	1.0000007305142	0
206.875	1.00000069470668	0
207.125	1.00000066058328	0
207.375	1.00000062806871	0
207.625	1.0000005970908	0
207.875	1.00000056758044	0
208.125	1.00000053947144	0
208.375	1.00000051270041	0
208.625	1.00000048720665	0
208.875	1.00000046293207	0
209.125	1.00000043982106	0
209.375	1.00000041782038	0
209.625	1.00000039687913	0
209.875	1.00000037694856	0
210.125	1.00000035798208	0
210.375	1.00000033993511	0
210.625	1.00000032276502	0
210.875	1.00000030643105	0
211.125	1.00000029089424	0
211.375	1.00000027611734	0
211.625	1.00000026206474	0
211.875	1.00000024870244	0
212.125	1.00000023599794	0
212.375	1.00000022392018	0
212.625	1.0000002124395	0
212.875	1.0000002015276	0
213.125	1.0000001911574	0
213.375	1.0000001813031	0
213.625	1.00000017194003	0
213.875	1.00000016304468	0
214.125	1.00000015459457	0
214.375	1.00000014656828	0
214.625	1.00000013894537	0
214.875	1.00000013170633	0
215.125	1.00000012483255	0
215.375	1.00000011830629	0
215.625	1.00000011211064	0
215.875	1.00000010622944	0
216.125	1.00000010064734	0
216.375	1.00000009534966	0
216.625	1.00000009032243	0
216.875	1.00000008555234	0
217.125	1.00000008102669	0
217.375	1.0000000767334	0
217.625	1.00000007266095	0
217.875	1.00000006879836	0
218.125	1.0000000651352	0
218.375	1.00000006166151	0
218.625	1.00000005836782	0
218.875	1.00000005524512	0
219.125	1.00000005228482	0
219.375	1.00000004947874	0
219.625	1.00000004681912	0
219.875	1.00000004429856	0
220.125	1.00000004191001	0
220.375	1.00000003964679	0
220.625	1.00000003750253	0
220.875	1.00000003547117	0
221.125	1.00000003354694	0
221.375	1.00000003172438	0
221.625	1.00000002999827	0
221.875	1.00000002836367	0
222.125	1.00000002681587	0
222.375	1.0000000253504	0
222.625	1.00000002396301	0
222.875	1.00000002264966	0
223.125	1.00000002140651	0
223.375	1.00000002022993	0
223.625	1.00000001911645	0
223.875	1.00000001806278	0
224.125	1.00000001706581	0
224.375	1.00000001612256	0
224.625	1.00000001523023	0
224.875	1.00000001438615	0
225.125	1.00000001358778	0
225.375	1.00000001283271	0
225.625	1.00000001211866	0
225.875	1.00000001144346	0
226.125	1.00000001080505	0
226.375	1.00000001020148	0
226.625	1.00000000963091	0
226.875	1.00000000909156	0
227.125	1.00000000858178	0
227.375	1.00000000809998	0
227.625	1.00000000764467	0
227.875	1.00000000721442	0
228.125	1.0000000068079	0
228.375	1.00000000642383	0
228.625	1.00000000606099	0
228.875	1.00000000571823	0
229.125	1.00000000539448	0
229.375	1.00000000508871	0
229.625	1.00000000479993	0
229.875	1.00000000452724	0
230.125	1.00000000426974	0
230.375	1.00000000402663	0
230.625	1.0000000037971	0
230.875	1.00000000358043	0
231.125	1.00000000337591	0
231.375	1.00000000318287	0
231.625	1.00000000300068	0
231.875	1.00000000282875	0
232.125	1.0000000026665	0
232.375	1.00000000251342	0
232.625	1.00000000236898	0
232.875	1.00000000223272	0
233.125	1.00000000210417	0
233.375	1.00000000198291	0
233.625	1.00000000186853	0
233.875	1.00000000176066	0
234.125	1.00000000165893	0
234.375	1.00000000156299	0
234.625	1.00000000147253	0
234.875	1.00000000138722	0
235.125	1.0000000013068	0
235.375	1.00000000123096	0
235.625	1.00000000115947	0
235.875	1.00000000109207	0
236.125	1.00000000102853	0
236.375	1.00000000096864	0
236.625	1.00000000091219	0
236.875	1.00000000085898	0
237.125	1.00000000080883	0
237.375	1.00000000076157	0
237.625	1.00000000071703	0
237.875	1.00000000067507	0
238.125	1.00000000063552	0
238.375	1.00000000059826	0
238.625	1.00000000056314	0
238.875	1.00000000053006	0
239.125	1.00000000049888	0
239.375	1.00000000046951	0
239.625	1.00000000044183	0
239.875	1.00000000041574	0
240.125	1.00000000039116	0
240.375	1.00000000036799	0
240.625	1.00000000034614	0
240.875	1.00000000032555	0
241.125	1.00000000030612	0
241.375	1.00000000028779	0
241.625	1.0000000002705	0
241.875	1.00000000025419	0
242.125	1.00000000023879	0
242.375	1.00000000022425	0
242.625	1.00000000021052	0
242.875	1.00000000019755	0
243.125	1.00000000018529	0
243.375	1.0000000001737	0
243.625	1.00000000016273	0
243.875	1.00000000015235	0
244.125	1.00000000014252	0
244.375	1.0000000001332	0
244.625	1.00000000012435	0
244.875	1.00000000011595	0
245.125	1.00000000010797	0
245.375	1.00000000010036	0
245.625	1.00000000009311	0
245.875	1.00000000008618	0
246.125	1.00000000007955	0
246.375	1.00000000007319	0
246.625	1.00000000006709	0
246.875	1.00000000006121	0
247.125	1.00000000005555	0
247.375	1.00000000005008	0
247.625	1.00000000004478	0
247.875	1.00000000003964	0
248.125	1.00000000003463	0
248.375	1.00000000002974	0
248.625	1.00000000002495	0
248.875	1.00000000002026	0
249.125	1.00000000001564	0
249.375	1.0000000000111	0
249.625	1.00000000000661	0
249.875	1.00000000000219	0
